[
  {
    "id": "TKT-MJCF6BK7",
    "threadId": "1451443755772022897",
    "channelId": "1451443755772022897",
    "userId": "561648095113248769",
    "username": "demonfox_naruto",
    "gameId": "5",
    "gameName": "Borderlands 4",
    "folderName": "Borderlands 4",
    "guildId": "1265025550485950634",
    "isRefill": true,
    "steamId": "76561199883811415",
    "status": "screenshot_approved",
    "isLinuxMac": false,
    "helpRequested": true,
    "activationRequested": true,
    "tokenReserved": false,
    "createdAt": 1766121558735,
    "savedAt": 1766163660347
  }
]