[
  {
    "timestamp": "2025-11-29T17:08:21.393Z",
    "triggeredBy": {
      "userId": "864918577563697203",
      "username": "azamm786"
    },
    "source": "discord",
    "uptime": "1m 20s"
  },
  {
    "timestamp": "2025-11-29T17:11:53.037Z",
    "triggeredBy": {
      "userId": "864918577563697203",
      "username": "azamm786"
    },
    "source": "discord",
    "uptime": "14s"
  },
  {
    "timestamp": "2025-11-29T17:14:39.108Z",
    "triggeredBy": {
      "userId": "864918577563697203",
      "username": "azamm786"
    },
    "source": "dashboard",
    "uptime": "2m 38s"
  },
  {
    "timestamp": "2025-11-29T17:16:52.715Z",
    "triggeredBy": {
      "userId": "864918577563697203",
      "username": "azamm786"
    },
    "source": "discord",
    "uptime": "2m 6s"
  },
  {
    "timestamp": "2025-11-29T17:17:28.050Z",
    "triggeredBy": {
      "userId": "864918577563697203",
      "username": "azamm786"
    },
    "source": "dashboard",
    "uptime": "27s"
  },
  {
    "timestamp": "2025-11-29T17:20:49.972Z",
    "triggeredBy": {
      "userId": "864918577563697203",
      "username": "azamm786"
    },
    "source": "discord",
    "uptime": "3m 14s"
  },
  {
    "timestamp": "2025-11-29T17:29:41.009Z",
    "triggeredBy": {
      "userId": "864918577563697203",
      "username": "azamm786"
    },
    "source": "discord",
    "uptime": "1m 12s"
  },
  {
    "timestamp": "2025-11-29T17:31:07.295Z",
    "triggeredBy": {
      "userId": "313565147606155264",
      "username": "brawler.real"
    },
    "source": "discord",
    "uptime": "1m 19s"
  },
  {
    "timestamp": "2025-11-29T17:33:18.926Z",
    "triggeredBy": {
      "userId": "864918577563697203",
      "username": "azamm786"
    },
    "source": "discord",
    "uptime": "10s"
  },
  {
    "timestamp": "2025-11-29T17:33:51.757Z",
    "triggeredBy": {
      "userId": "313565147606155264",
      "username": "brawler.real"
    },
    "source": "discord",
    "uptime": "25s"
  },
  {
    "timestamp": "2025-11-29T17:49:41.109Z",
    "triggeredBy": {
      "userId": "313565147606155264",
      "username": "brawler.real"
    },
    "source": "dashboard",
    "uptime": "1m 50s"
  },
  {
    "timestamp": "2025-11-29T17:58:38.136Z",
    "triggeredBy": {
      "userId": "864918577563697203",
      "username": "azamm786"
    },
    "source": "discord",
    "uptime": "1m 8s"
  },
  {
    "timestamp": "2025-11-29T18:00:16.785Z",
    "triggeredBy": {
      "userId": "864918577563697203",
      "username": "azamm786"
    },
    "source": "discord",
    "uptime": "56s"
  },
  {
    "timestamp": "2025-11-29T18:16:11.474Z",
    "triggeredBy": {
      "userId": "864918577563697203",
      "username": "azamm786"
    },
    "source": "dashboard",
    "uptime": "34s"
  },
  {
    "timestamp": "2025-11-29T18:21:33.996Z",
    "triggeredBy": {
      "userId": "864918577563697203",
      "username": "azamm786"
    },
    "source": "discord",
    "uptime": "4m 38s"
  },
  {
    "timestamp": "2025-11-29T19:03:42.435Z",
    "triggeredBy": {
      "userId": "864918577563697203",
      "username": "azamm786"
    },
    "source": "discord",
    "uptime": "3m 20s"
  },
  {
    "timestamp": "2025-11-29T19:17:43.289Z",
    "triggeredBy": {
      "userId": "864918577563697203",
      "username": "azamm786"
    },
    "source": "discord",
    "uptime": "13m 53s"
  },
  {
    "timestamp": "2025-11-29T19:43:13.461Z",
    "triggeredBy": {
      "userId": "864918577563697203",
      "username": "azamm786"
    },
    "source": "discord",
    "uptime": "25m 22s"
  },
  {
    "timestamp": "2025-11-29T19:52:01.698Z",
    "triggeredBy": {
      "userId": "864918577563697203",
      "username": "azamm786"
    },
    "source": "discord",
    "uptime": "8m 40s"
  },
  {
    "timestamp": "2025-11-29T22:28:42.623Z",
    "triggeredBy": {
      "userId": "864918577563697203",
      "username": "azamm786"
    },
    "source": "discord",
    "uptime": "2h 9m 38s"
  },
  {
    "timestamp": "2025-11-29T22:33:12.782Z",
    "triggeredBy": {
      "userId": "864918577563697203",
      "username": "azamm786"
    },
    "source": "discord",
    "uptime": "4m 23s"
  },
  {
    "timestamp": "2025-11-29T22:47:40.351Z",
    "triggeredBy": {
      "userId": "864918577563697203",
      "username": "azamm786"
    },
    "source": "discord",
    "uptime": "2m 52s"
  },
  {
    "timestamp": "2025-11-29T22:56:03.636Z",
    "triggeredBy": {
      "userId": "864918577563697203",
      "username": "azamm786"
    },
    "source": "discord",
    "uptime": "8m 16s"
  },
  {
    "timestamp": "2025-11-29T22:57:25.991Z",
    "triggeredBy": {
      "userId": "864918577563697203",
      "username": "azamm786"
    },
    "source": "discord",
    "uptime": "1m 15s"
  },
  {
    "timestamp": "2025-11-30T16:37:53.491Z",
    "triggeredBy": {
      "userId": "864918577563697203",
      "username": "azamm786"
    },
    "source": "discord",
    "uptime": "17h 40m 20s"
  },
  {
    "timestamp": "2025-11-30T18:00:26.408Z",
    "triggeredBy": {
      "userId": "864918577563697203",
      "username": "azamm786"
    },
    "source": "discord",
    "uptime": "1h 22m 24s"
  },
  {
    "timestamp": "2025-11-30T18:47:18.467Z",
    "triggeredBy": {
      "userId": "864918577563697203",
      "username": "azamm786"
    },
    "source": "discord",
    "uptime": "41m 28s"
  },
  {
    "timestamp": "2025-11-30T19:08:15.709Z",
    "triggeredBy": {
      "userId": "864918577563697203",
      "username": "azamm786"
    },
    "source": "discord",
    "uptime": "20m 5s"
  },
  {
    "timestamp": "2025-11-30T20:54:31.676Z",
    "triggeredBy": {
      "userId": "864918577563697203",
      "username": "azamm786"
    },
    "source": "discord",
    "uptime": "35m 24s"
  },
  {
    "timestamp": "2025-11-30T21:46:49.288Z",
    "triggeredBy": {
      "userId": "864918577563697203",
      "username": "azamm786"
    },
    "source": "discord",
    "uptime": "52m 11s"
  },
  {
    "timestamp": "2025-11-30T21:51:05.868Z",
    "triggeredBy": {
      "userId": "864918577563697203",
      "username": "azamm786"
    },
    "source": "discord",
    "uptime": "4m 11s"
  },
  {
    "timestamp": "2025-12-01T00:41:06.766Z",
    "triggeredBy": {
      "userId": "970719747488485436",
      "username": "nxbrew321"
    },
    "source": "dashboard",
    "uptime": "2h 31m 20s"
  },
  {
    "timestamp": "2025-12-01T01:03:59.959Z",
    "triggeredBy": {
      "userId": "1361161972913012756",
      "username": "moonffs"
    },
    "source": "dashboard",
    "uptime": "22m 45s"
  },
  {
    "timestamp": "2025-12-01T01:23:49.501Z",
    "triggeredBy": {
      "userId": "1361161972913012756",
      "username": "moonffs"
    },
    "source": "discord",
    "uptime": "19m 43s"
  },
  {
    "timestamp": "2025-12-01T01:42:55.786Z",
    "triggeredBy": {
      "userId": "1361161972913012756",
      "username": "moonffs"
    },
    "source": "discord",
    "uptime": "19m 0s"
  },
  {
    "timestamp": "2025-12-01T06:16:46.543Z",
    "triggeredBy": {
      "userId": "295520729074499584",
      "username": "sadamhossein"
    },
    "source": "discord",
    "uptime": "4h 33m 45s"
  },
  {
    "timestamp": "2025-12-01T09:41:23.274Z",
    "triggeredBy": {
      "userId": "864918577563697203",
      "username": "azamm786"
    },
    "source": "discord",
    "uptime": "5m 43s"
  },
  {
    "timestamp": "2025-12-01T09:50:44.456Z",
    "triggeredBy": {
      "userId": "864918577563697203",
      "username": "azamm786"
    },
    "source": "discord",
    "uptime": "9m 15s"
  },
  {
    "timestamp": "2025-12-01T09:55:50.319Z",
    "triggeredBy": {
      "userId": "864918577563697203",
      "username": "azamm786"
    },
    "source": "dashboard",
    "uptime": "5m 0s"
  },
  {
    "timestamp": "2025-12-01T09:57:48.621Z",
    "triggeredBy": {
      "userId": "864918577563697203",
      "username": "azamm786"
    },
    "source": "dashboard",
    "uptime": "1m 52s"
  },
  {
    "timestamp": "2025-12-01T09:58:51.822Z",
    "triggeredBy": {
      "userId": "864918577563697203",
      "username": "azamm786"
    },
    "source": "dashboard",
    "uptime": "57s"
  },
  {
    "timestamp": "2025-12-01T10:01:44.680Z",
    "triggeredBy": {
      "userId": "864918577563697203",
      "username": "azamm786"
    },
    "source": "dashboard",
    "uptime": "2m 47s"
  },
  {
    "timestamp": "2025-12-01T10:02:16.771Z",
    "triggeredBy": {
      "userId": "864918577563697203",
      "username": "azamm786"
    },
    "source": "discord",
    "uptime": "26s"
  },
  {
    "timestamp": "2025-12-01T10:05:57.732Z",
    "triggeredBy": {
      "userId": "864918577563697203",
      "username": "azamm786"
    },
    "source": "discord",
    "uptime": "3m 35s"
  },
  {
    "timestamp": "2025-12-01T10:11:58.124Z",
    "triggeredBy": {
      "userId": "864918577563697203",
      "username": "azamm786"
    },
    "source": "dashboard",
    "uptime": "5m 54s"
  }
]